[
    {"timestamp":1535760000000,"precipitation":0.0,"humidity":95.6,"radiation":0.0,"sunshine":599.2,"pressure":1016.3,"temperature":16.1},
    {"timestamp":1535760300000,"precipitation":0.1,"humidity":null,"radiation":null,"sunshine":null,"pressure":null,"temperature":null},
    {"timestamp":1535760600000,"precipitation":0.0,"humidity":95.5,"radiation":0.0,"sunshine":600.0,"pressure":1016.4,"temperature":16.1},
    {"timestamp":1535760900000,"precipitation":0.0,"humidity":null,"radiation":null,"sunshine":null,"pressure":null,"temperature":null},
    {"timestamp":1535761200000,"precipitation":0.0,"humidity":95.2,"radiation":0.0,"sunshine":598.9,"pressure":1016.5,"temperature":16.1},
    {"timestamp":1535761500000,"precipitation":0.0,"humidity":null,"radiation":null,"sunshine":null,"pressure":null,"temperature":null},
    {"timestamp":1535761800000,"precipitation":0.0,"humidity":95.1,"radiation":0.0,"sunshine":600.0,"pressure":1016.4,"temperature":16.1},
    {"timestamp":1535762100000,"precipitation":0.0,"humidity":null,"radiation":null,"sunshine":null,"pressure":null,"temperature":null},
    {"timestamp":1535762400000,"precipitation":0.0,"humidity":95.3,"radiation":0.0,"sunshine":600.0,"pressure":1016.3,"temperature":16.1},
    {"timestamp":1535762700000,"precipitation":0.0,"humidity":null,"radiation":null,"sunshine":null,"pressure":null,"temperature":null},
    {"timestamp":1535763000000,"precipitation":0.0,"humidity":95.0,"radiation":0.0,"sunshine":598.5,"pressure":1016.1,"temperature":16.0},
    {"timestamp":1535763300000,"precipitation":0.0,"humidity":null,"radiation":null,"sunshine":null,"pressure":null,"temperature":null},
    {"timestamp":1535763600000,"precipitation":0.0,"humidity":94.8,"radiation":0.0,"sunshine":599.0,"pressure":1016.0,"temperature":16.0},
    {"timestamp":1535763900000,"precipitation":0.0,"humidity":null,"radiation":null,"sunshine":null,"pressure":null,"temperature":null},
    {"timestamp":1535764200000,"precipitation":0.0,"humidity":95.0,"radiation":0.0,"sunshine":600.0,"pressure":1016.1,"temperature":15.9},{"timestamp":1535764500000,"precipitation":0.0,"humidity":null,"radiation":null,"sunshine":null,"pressure":null,"temperature":null},{"timestamp":1535764800000,"precipitation":0.0,"humidity":94.9,"radiation":0.0,"sunshine":600.0,"pressure":1015.9,"temperature":15.8},{"timestamp":1535765100000,"precipitation":0.0,"humidity":null,"radiation":null,"sunshine":null,"pressure":null,"temperature":null},{"timestamp":1535765400000,"precipitation":0.0,"humidity":93.5,"radiation":0.0,"sunshine":600.0,"pressure":1015.7,"temperature":15.7},{"timestamp":1535765700000,"precipitation":0.0,"humidity":null,"radiation":null,"sunshine":null,"pressure":null,"temperature":null},{"timestamp":1535766000000,"precipitation":0.0,"humidity":93.2,"radiation":0.0,"sunshine":598.5,"pressure":1015.8,"temperature":15.7},{"timestamp":1535766300000,"precipitation":0.0,"humidity":null,"radiation":null,"sunshine":null,"pressure":null,"temperature":null},{"timestamp":1535766600000,"precipitation":0.0,"humidity":94.2,"radiation":0.0,"sunshine":600.0,"pressure":1015.9,"temperature":15.6},{"timestamp":1535766900000,"precipitation":0.0,"humidity":null,"radiation":null,"sunshine":null,"pressure":null,"temperature":null},{"timestamp":1535767200000,"precipitation":0.0,"humidity":94.5,"radiation":0.0,"sunshine":600.0,"pressure":1015.9,"temperature":15.7},{"timestamp":1535767500000,"precipitation":0.0,"humidity":null,"radiation":null,"sunshine":null,"pressure":null,"temperature":null},{"timestamp":1535767800000,"precipitation":0.0,"humidity":95.2,"radiation":0.0,"sunshine":600.0,"pressure":1016.0,"temperature":15.7},{"timestamp":1535768100000,"precipitation":0.0,"humidity":null,"radiation":null,"sunshine":null,"pressure":null,"temperature":null},{"timestamp":1535768400000,"precipitation":0.0,"humidity":95.1,"radiation":0.0,"sunshine":599.3,"pressure":1015.9,"temperature":15.8},{"timestamp":1535768700000,"precipitation":0.0,"humidity":null,"radiation":null,"sunshine":null,"pressure":null,"temperature":null},{"timestamp":1535769000000,"precipitation":0.0,"humidity":94.2,"radiation":0.0,"sunshine":599.8,"pressure":1015.9,"temperature":15.7},{"timestamp":1535769300000,"precipitation":0.0,"humidity":null,"radiation":null,"sunshine":null,"pressure":null,"temperature":null},{"timestamp":1535769600000,"precipitation":0.0,"humidity":93.7,"radiation":0.0,"sunshine":600.0,"pressure":1015.7,"temperature":15.9},{"timestamp":1535769900000,"precipitation":0.0,"humidity":null,"radiation":null,"sunshine":null,"pressure":null,"temperature":null},{"timestamp":1535770200000,"precipitation":0.0,"humidity":94.3,"radiation":0.0,"sunshine":600.0,"pressure":1015.9,"temperature":15.7},{"timestamp":1535770500000,"precipitation":0.0,"humidity":null,"radiation":null,"sunshine":null,"pressure":null,"temperature":null},{"timestamp":1535770800000,"precipitation":0.2,"humidity":94.8,"radiation":0.0,"sunshine":600.0,"pressure":1015.8,"temperature":15.6},{"timestamp":1535771100000,"precipitation":0.1,"humidity":null,"radiation":null,"sunshine":null,"pressure":null,"temperature":null},{"timestamp":1535771400000,"precipitation":0.2,"humidity":93.5,"radiation":0.0,"sunshine":599.0,"pressure":1015.9,"temperature":15.4},{"timestamp":1535771700000,"precipitation":0.3,"humidity":null,"radiation":null,"sunshine":null,"pressure":null,"temperature":null},{"timestamp":1535772000000,"precipitation":0.3,"humidity":92.8,"radiation":0.0,"sunshine":600.0,"pressure":1015.9,"temperature":15.4},{"timestamp":1535772300000,"precipitation":0.3,"humidity":null,"radiation":null,"sunshine":null,"pressure":null,"temperature":null},{"timestamp":1535772600000,"precipitation":0.2,"humidity":91.8,"radiation":0.0,"sunshine":600.0,"pressure":1016.1,"temperature":15.2},{"timestamp":1535772900000,"precipitation":0.2,"humidity":null,"radiation":null,"sunshine":null,"pressure":null,"temperature":null},{"timestamp":1535773200000,"precipitation":0.2,"humidity":88.6,"radiation":0.0,"sunshine":598.7,"pressure":1016.3,"temperature":14.6},{"timestamp":1535773500000,"precipitation":0.3,"humidity":null,"radiation":null,"sunshine":null,"pressure":null,"temperature":null},{"timestamp":1535773800000,"precipitation":0.2,"humidity":89.0,"radiation":0.0,"sunshine":600.0,"pressure":1016.5,"temperature":14.5},{"timestamp":1535774100000,"precipitation":0.3,"humidity":null,"radiation":null,"sunshine":null,"pressure":null,"temperature":null},{"timestamp":1535774400000,"precipitation":0.3,"humidity":90.5,"radiation":0.0,"sunshine":600.0,"pressure":1016.5,"temperature":14.4},{"timestamp":1535774700000,"precipitation":0.4,"humidity":null,"radiation":null,"sunshine":null,"pressure":null,"temperature":null},{"timestamp":1535775000000,"precipitation":0.5,"humidity":92.4,"radiation":0.0,"sunshine":598.7,"pressure":1016.8,"temperature":14.2},{"timestamp":1535775300000,"precipitation":0.4,"humidity":null,"radiation":null,"sunshine":null,"pressure":null,"temperature":null},{"timestamp":1535775600000,"precipitation":0.6,"humidity":92.3,"radiation":0.0,"sunshine":599.4,"pressure":1017.2,"temperature":14.2},{"timestamp":1535775900000,"precipitation":0.6,"humidity":null,"radiation":null,"sunshine":null,"pressure":null,"temperature":null},{"timestamp":1535776200000,"precipitation":0.8,"humidity":92.7,"radiation":0.0,"sunshine":599.7,"pressure":1017.3,"temperature":14.2},{"timestamp":1535776500000,"precipitation":0.6,"humidity":null,"radiation":null,"sunshine":null,"pressure":null,"temperature":null},{"timestamp":1535776800000,"precipitation":0.3,"humidity":93.4,"radiation":0.0,"sunshine":600.0,"pressure":1017.4,"temperature":14.2},{"timestamp":1535777100000,"precipitation":0.4,"humidity":null,"radiation":null,"sunshine":null,"pressure":null,"temperature":null},{"timestamp":1535777400000,"precipitation":0.4,"humidity":93.5,"radiation":0.4,"sunshine":598.8,"pressure":1017.3,"temperature":14.1},{"timestamp":1535777700000,"precipitation":0.5,"humidity":null,"radiation":null,"sunshine":null,"pressure":null,"temperature":null},{"timestamp":1535778000000,"precipitation":0.5,"humidity":93.3,"radiation":2.4,"sunshine":600.0,"pressure":1017.1,"temperature":14.0},{"timestamp":1535778300000,"precipitation":0.5,"humidity":null,"radiation":null,"sunshine":null,"pressure":null,"temperature":null},{"timestamp":1535778600000,"precipitation":0.6,"humidity":94.0,"radiation":2.1,"sunshine":600.0,"pressure":1017.3,"temperature":14.1},{"timestamp":1535778900000,"precipitation":0.7,"humidity":null,"radiation":null,"sunshine":null,"pressure":null,"temperature":null},{"timestamp":1535779200000,"precipitation":0.5,"humidity":94.4,"radiation":4.4,"sunshine":600.0,"pressure":1017.4,"temperature":14.2},{"timestamp":1535779500000,"precipitation":0.5,"humidity":null,"radiation":null,"sunshine":null,"pressure":null,"temperature":null},{"timestamp":1535779800000,"precipitation":0.4,"humidity":94.7,"radiation":8.5,"sunshine":600.0,"pressure":1017.4,"temperature":14.1},{"timestamp":1535780100000,"precipitation":0.3,"humidity":null,"radiation":null,"sunshine":null,"pressure":null,"temperature":null},{"timestamp":1535780400000,"precipitation":0.1,"humidity":94.9,"radiation":15.1,"sunshine":598.9,"pressure":1017.1,"temperature":14.1},{"timestamp":1535780700000,"precipitation":0.2,"humidity":null,"radiation":null,"sunshine":null,"pressure":null,"temperature":null},{"timestamp":1535781000000,"precipitation":0.2,"humidity":95.0,"radiation":27.9,"sunshine":599.1,"pressure":1017.0,"temperature":14.1},{"timestamp":1535781300000,"precipitation":0.1,"humidity":null,"radiation":null,"sunshine":null,"pressure":null,"temperature":null},{"timestamp":1535781600000,"precipitation":0.2,"humidity":94.9,"radiation":51.7,"sunshine":600.0,"pressure":1017.0,"temperature":14.1},{"timestamp":1535781900000,"precipitation":0.3,"humidity":null,"radiation":null,"sunshine":null,"pressure":null,"temperature":null},{"timestamp":1535782200000,"precipitation":0.1,"humidity":93.6,"radiation":94.1,"sunshine":600.0,"pressure":1017.2,"temperature":14.2},{"timestamp":1535782500000,"precipitation":0.1,"humidity":null,"radiation":null,"sunshine":null,"pressure":null,"temperature":null},{"timestamp":1535782800000,"precipitation":0.0,"humidity":93.2,"radiation":166.2,"sunshine":599.0,"pressure":1017.2,"temperature":14.8},{"timestamp":1535783100000,"precipitation":0.1,"humidity":null,"radiation":null,"sunshine":null,"pressure":null,"temperature":null},{"timestamp":1535783400000,"precipitation":0.0,"humidity":91.6,"radiation":181.4,"sunshine":600.0,"pressure":1017.2,"temperature":14.7},{"timestamp":1535783700000,"precipitation":0.0,"humidity":null,"radiation":null,"sunshine":null,"pressure":null,"temperature":null},{"timestamp":1535784000000,"precipitation":0.0,"humidity":90.4,"radiation":229.3,"sunshine":599.1,"pressure":1017.2,"temperature":15.0},{"timestamp":1535784300000,"precipitation":0.0,"humidity":null,"radiation":null,"sunshine":null,"pressure":null,"temperature":null},{"timestamp":1535784600000,"precipitation":0.0,"humidity":88.6,"radiation":229.7,"sunshine":600.0,"pressure":1017.2,"temperature":15.4},{"timestamp":1535784900000,"precipitation":0.0,"humidity":null,"radiation":null,"sunshine":null,"pressure":null,"temperature":null},{"timestamp":1535785200000,"precipitation":0.0,"humidity":86.0,"radiation":373.2,"sunshine":597.8,"pressure":1017.0,"temperature":15.7},{"timestamp":1535785500000,"precipitation":0.0,"humidity":null,"radiation":null,"sunshine":null,"pressure":null,"temperature":null},{"timestamp":1535785800000,"precipitation":0.0,"humidity":82.8,"radiation":497.4,"sunshine":600.0,"pressure":1017.0,"temperature":16.2},{"timestamp":1535786100000,"precipitation":0.0,"humidity":null,"radiation":null,"sunshine":null,"pressure":null,"temperature":null},{"timestamp":1535786400000,"precipitation":0.0,"humidity":81.2,"radiation":512.3,"sunshine":598.9,"pressure":1016.7,"temperature":16.9},{"timestamp":1535786700000,"precipitation":0.0,"humidity":null,"radiation":null,"sunshine":null,"pressure":null,"temperature":null},{"timestamp":1535787000000,"precipitation":0.0,"humidity":79.7,"radiation":475.9,"sunshine":600.0,"pressure":1016.7,"temperature":17.3},{"timestamp":1535787300000,"precipitation":0.0,"humidity":null,"radiation":null,"sunshine":null,"pressure":null,"temperature":null},{"timestamp":1535787600000,"precipitation":0.0,"humidity":79.8,"radiation":323.0,"sunshine":598.8,"pressure":1016.7,"temperature":17.0},{"timestamp":1535787900000,"precipitation":0.0,"humidity":null,"radiation":null,"sunshine":null,"pressure":null,"temperature":null},{"timestamp":1535788200000,"precipitation":0.0,"humidity":78.2,"radiation":283.1,"sunshine":600.0,"pressure":1016.7,"temperature":17.0},{"timestamp":1535788500000,"precipitation":0.0,"humidity":null,"radiation":null,"sunshine":null,"pressure":null,"temperature":null},{"timestamp":1535788800000,"precipitation":0.0,"humidity":77.8,"radiation":224.1,"sunshine":600.0,"pressure":1016.8,"temperature":16.8},{"timestamp":1535789100000,"precipitation":0.0,"humidity":null,"radiation":null,"sunshine":null,"pressure":null,"temperature":null},{"timestamp":1535789400000,"precipitation":0.0,"humidity":78.3,"radiation":220.7,"sunshine":600.0,"pressure":1016.7,"temperature":16.8},{"timestamp":1535789700000,"precipitation":0.0,"humidity":null,"radiation":null,"sunshine":null,"pressure":null,"temperature":null},{"timestamp":1535790000000,"precipitation":0.0,"humidity":79.1,"radiation":187.9,"sunshine":597.9,"pressure":1016.9,"temperature":17.0},{"timestamp":1535790300000,"precipitation":0.0,"humidity":null,"radiation":null,"sunshine":null,"pressure":null,"temperature":null},{"timestamp":1535790600000,"precipitation":0.0,"humidity":78.5,"radiation":159.1,"sunshine":600.0,"pressure":1017.1,"temperature":16.9},{"timestamp":1535790900000,"precipitation":0.0,"humidity":null,"radiation":null,"sunshine":null,"pressure":null,"temperature":null},{"timestamp":1535791200000,"precipitation":0.0,"humidity":78.1,"radiation":90.0,"sunshine":599.0,"pressure":1017.4,"temperature":16.6},{"timestamp":1535791500000,"precipitation":0.0,"humidity":null,"radiation":null,"sunshine":null,"pressure":null,"temperature":null},{"timestamp":1535791800000,"precipitation":0.0,"humidity":80.0,"radiation":42.4,"sunshine":599.9,"pressure":1017.7,"temperature":16.4},{"timestamp":1535792100000,"precipitation":0.0,"humidity":null,"radiation":null,"sunshine":null,"pressure":null,"temperature":null},{"timestamp":1535792400000,"precipitation":0.1,"humidity":83.9,"radiation":23.4,"sunshine":600.0,"pressure":1018.0,"temperature":16.1},{"timestamp":1535792700000,"precipitation":0.1,"humidity":null,"radiation":null,"sunshine":null,"pressure":null,"temperature":null},{"timestamp":1535793000000,"precipitation":0.2,"humidity":86.4,"radiation":19.4,"sunshine":599.5,"pressure":1018.4,"temperature":15.6},{"timestamp":1535793300000,"precipitation":0.4,"humidity":null,"radiation":null,"sunshine":null,"pressure":null,"temperature":null},{"timestamp":1535793600000,"precipitation":0.4,"humidity":87.9,"radiation":28.6,"sunshine":599.7,"pressure":1018.5,"temperature":15.3},{"timestamp":1535793900000,"precipitation":0.7,"humidity":null,"radiation":null,"sunshine":null,"pressure":null,"temperature":null},{"timestamp":1535794200000,"precipitation":0.3,"humidity":89.5,"radiation":33.3,"sunshine":600.0,"pressure":1018.5,"temperature":15.1},{"timestamp":1535794500000,"precipitation":0.4,"humidity":null,"radiation":null,"sunshine":null,"pressure":null,"temperature":null},{"timestamp":1535794800000,"precipitation":0.4,"humidity":90.9,"radiation":39.2,"sunshine":599.5,"pressure":1018.4,"temperature":15.0},{"timestamp":1535795100000,"precipitation":0.4,"humidity":null,"radiation":null,"sunshine":null,"pressure":null,"temperature":null},{"timestamp":1535795400000,"precipitation":0.7,"humidity":91.3,"radiation":57.6,"sunshine":600.0,"pressure":1018.2,"temperature":14.9},{"timestamp":1535795700000,"precipitation":0.5,"humidity":null,"radiation":null,"sunshine":null,"pressure":null,"temperature":null},{"timestamp":1535796000000,"precipitation":0.4,"humidity":92.0,"radiation":88.6,"sunshine":599.5,"pressure":1018.1,"temperature":14.9},{"timestamp":1535796300000,"precipitation":0.3,"humidity":null,"radiation":null,"sunshine":null,"pressure":null,"temperature":null},{"timestamp":1535796600000,"precipitation":0.2,"humidity":92.5,"radiation":120.2,"sunshine":598.7,"pressure":1018.2,"temperature":15.1},{"timestamp":1535796900000,"precipitation":0.2,"humidity":null,"radiation":null,"sunshine":null,"pressure":null,"temperature":null},{"timestamp":1535797200000,"precipitation":0.2,"humidity":92.0,"radiation":165.4,"sunshine":600.0,"pressure":1018.2,"temperature":15.3},{"timestamp":1535797500000,"precipitation":0.2,"humidity":null,"radiation":null,"sunshine":null,"pressure":null,"temperature":null},{"timestamp":1535797800000,"precipitation":0.2,"humidity":91.0,"radiation":163.2,"sunshine":600.0,"pressure":1018.4,"temperature":15.5},{"timestamp":1535798100000,"precipitation":0.2,"humidity":null,"radiation":null,"sunshine":null,"pressure":null,"temperature":null},{"timestamp":1535798400000,"precipitation":0.4,"humidity":89.8,"radiation":178.5,"sunshine":599.8,"pressure":1018.5,"temperature":15.6},{"timestamp":1535798700000,"precipitation":0.3,"humidity":null,"radiation":null,"sunshine":null,"pressure":null,"temperature":null},{"timestamp":1535799000000,"precipitation":0.2,"humidity":88.5,"radiation":166.8,"sunshine":600.0,"pressure":1018.7,"temperature":15.6},{"timestamp":1535799300000,"precipitation":0.1,"humidity":null,"radiation":null,"sunshine":null,"pressure":null,"temperature":null},{"timestamp":1535799600000,"precipitation":0.0,"humidity":85.3,"radiation":210.5,"sunshine":597.9,"pressure":1018.7,"temperature":15.7},{"timestamp":1535799900000,"precipitation":0.0,"humidity":null,"radiation":null,"sunshine":null,"pressure":null,"temperature":null},{"timestamp":1535800200000,"precipitation":0.1,"humidity":87.5,"radiation":230.5,"sunshine":600.0,"pressure":1018.5,"temperature":16.2},{"timestamp":1535800500000,"precipitation":0.0,"humidity":null,"radiation":null,"sunshine":null,"pressure":null,"temperature":null},{"timestamp":1535800800000,"precipitation":0.0,"humidity":88.6,"radiation":210.8,"sunshine":598.2,"pressure":1018.5,"temperature":16.2},{"timestamp":1535801100000,"precipitation":0.0,"humidity":null,"radiation":null,"sunshine":null,"pressure":null,"temperature":null},{"timestamp":1535801400000,"precipitation":0.0,"humidity":86.8,"radiation":214.5,"sunshine":600.0,"pressure":1018.4,"temperature":16.1},{"timestamp":1535801700000,"precipitation":0.0,"humidity":null,"radiation":null,"sunshine":null,"pressure":null,"temperature":null},{"timestamp":1535802000000,"precipitation":0.0,"humidity":86.2,"radiation":247.1,"sunshine":599.7,"pressure":1018.3,"temperature":16.3},{"timestamp":1535802300000,"precipitation":0.0,"humidity":null,"radiation":null,"sunshine":null,"pressure":null,"temperature":null},{"timestamp":1535802600000,"precipitation":0.0,"humidity":85.7,"radiation":259.3,"sunshine":599.7,"pressure":1018.1,"temperature":16.6},{"timestamp":1535802900000,"precipitation":0.0,"humidity":null,"radiation":null,"sunshine":null,"pressure":null,"temperature":null},{"timestamp":1535803200000,"precipitation":0.0,"humidity":86.2,"radiation":261.4,"sunshine":600.0,"pressure":1018.0,"temperature":16.8},{"timestamp":1535803500000,"precipitation":0.0,"humidity":null,"radiation":null,"sunshine":null,"pressure":null,"temperature":null},{"timestamp":1535803800000,"precipitation":0.0,"humidity":85.3,"radiation":317.9,"sunshine":600.0,"pressure":1018.1,"temperature":16.9},{"timestamp":1535804100000,"precipitation":0.0,"humidity":null,"radiation":null,"sunshine":null,"pressure":null,"temperature":null},{"timestamp":1535804400000,"precipitation":0.0,"humidity":83.9,"radiation":309.1,"sunshine":598.1,"pressure":1018.1,"temperature":17.2},{"timestamp":1535804700000,"precipitation":0.0,"humidity":null,"radiation":null,"sunshine":null,"pressure":null,"temperature":null},{"timestamp":1535805000000,"precipitation":0.0,"humidity":80.8,"radiation":286.3,"sunshine":600.0,"pressure":1018.1,"temperature":17.2},{"timestamp":1535805300000,"precipitation":0.0,"humidity":null,"radiation":null,"sunshine":null,"pressure":null,"temperature":null},{"timestamp":1535805600000,"precipitation":0.0,"humidity":80.8,"radiation":343.5,"sunshine":598.2,"pressure":1018.0,"temperature":17.4},{"timestamp":1535805900000,"precipitation":0.0,"humidity":null,"radiation":null,"sunshine":null,"pressure":null,"temperature":null},{"timestamp":1535806200000,"precipitation":0.0,"humidity":80.3,"radiation":353.1,"sunshine":600.0,"pressure":1018.0,"temperature":17.6},{"timestamp":1535806500000,"precipitation":0.0,"humidity":null,"radiation":null,"sunshine":null,"pressure":null,"temperature":null},{"timestamp":1535806800000,"precipitation":0.0,"humidity":78.7,"radiation":346.3,"sunshine":600.0,"pressure":1017.9,"temperature":17.7},{"timestamp":1535807100000,"precipitation":0.0,"humidity":null,"radiation":null,"sunshine":null,"pressure":null,"temperature":null},{"timestamp":1535807400000,"precipitation":0.0,"humidity":78.4,"radiation":387.9,"sunshine":599.9,"pressure":1017.8,"temperature":17.9},{"timestamp":1535807700000,"precipitation":0.0,"humidity":null,"radiation":null,"sunshine":null,"pressure":null,"temperature":null},{"timestamp":1535808000000,"precipitation":0.0,"humidity":76.4,"radiation":385.4,"sunshine":599.0,"pressure":1017.6,"temperature":18.1},{"timestamp":1535808300000,"precipitation":0.0,"humidity":null,"radiation":null,"sunshine":null,"pressure":null,"temperature":null},{"timestamp":1535808600000,"precipitation":0.0,"humidity":75.2,"radiation":310.2,"sunshine":600.0,"pressure":1017.6,"temperature":18.0},{"timestamp":1535808900000,"precipitation":0.0,"humidity":null,"radiation":null,"sunshine":null,"pressure":null,"temperature":null}
]
