{
    
    "weatherData" : [
        {
            "temperature": 16.1,
            "time_per_hour": 0
        },
        {
            "temperature": 15.4,
            "time_per_hour": 1
        },
        {
            "temperature": 14.6,
            "time_per_hour": 2
        },
        {
            "temperature": 14.2,
            "time_per_hour": 3
        },
        {
            "temperature": 14.0,
            "time_per_hour": 4
        },
        {
            "temperature": 14.5,
            "time_per_hour": 5
        },
        {
            "temperature": 15.3,
            "time_per_hour": 6
        },
        {
            "temperature": 17.4,
            "time_per_hour": 7
        },
        {
            "temperature": 18.0,
            "time_per_hour": 8
        },
        {
            "temperature": 19.4,
            "time_per_hour": 9
        },
        {
            "temperature": 20.0,
            "time_per_hour": 10
        },
        {
            "temperature": 21.0,
            "time_per_hour": 11
        },
        {
            "temperature": 22.4,
            "time_per_hour": 12
        },
        {
            "temperature": 25.2,
            "time_per_hour": 13
        },
        {
            "temperature": 28.0,
            "time_per_hour": 14
        },
        {
            "temperature": 28.3,
            "time_per_hour": 15
        },
        {
            "temperature": 29.5,
            "time_per_hour": 16
        },
        {
            "temperature": 28.3,
            "time_per_hour": 17
        },
        {
            "temperature": 27.4,
            "time_per_hour": 18
        },
        {
            "temperature": 23.0,
            "time_per_hour": 19
        },
        {
            "temperature": 21.0,
            "time_per_hour": 20
        },
        {
            "temperature": 19.4,
            "time_per_hour": 21
        },
        {
            "temperature": 17.8,
            "time_per_hour": 22
        },
        {
            "temperature": 15.1,
            "time_per_hour": 23
        }
    ]
}
